date,open,close,high,low,amount
2021-03-31,70.16,69.59,70.34,68.61,273525.08
2021-04-01,69.36,72.79,73.24,69.16,352045.12
2021-04-02,72.86,74.47,75.86,72.26,291525.38
2021-04-06,74.52,71.74,75.06,71.36,257668.4
2021-04-07,71.74,70.08,71.85,69.24,299774.66
2021-04-08,69.87,70.04,70.28,69.31,182114.06
2021-04-09,70.34,67.81,70.34,67.6,322385.56
2021-04-12,67.66,66.66,68.62,66.36,252774.87
2021-04-13,66.31,66.05,67.18,65.48,213628.28
2021-04-14,66.33,67.49,67.99,66.25,210692.29
2021-04-15,67.49,67.64,68.36,66.32,174452.81
2021-04-16,67.66,67.26,67.96,66.26,153478.18
2021-04-19,67.36,69.03,69.47,66.36,267593.56
2021-04-20,68.44,68.34,68.86,67.39,231533.86
2021-04-21,67.36,66.96,67.86,66.86,251906.06
2021-04-22,66.98,67.61,67.65,66.37,230968.78
2021-04-23,67.78,71.22,71.36,67.62,451415.58
2021-04-26,71.6,67.39,72.36,67.27,418029.19
2021-04-27,67.33,68.08,68.99,66.56,190000.53
2021-04-28,68.36,68.91,69.06,67.44,179025.75
2021-04-29,69.42,70.79,71.61,69.23,298159.63
2021-04-30,72.06,67.53,72.06,67.16,582377.0
2021-05-06,65.67,64.92,67.13,64.85,491159.46
2021-05-07,64.76,62.44,64.91,62.36,437295.14
2021-05-10,63.19,65.36,66.56,63.19,549439.86
2021-05-11,64.52,65.7,66.36,63.95,273334.64
2021-05-12,66.26,64.63,66.26,63.81,273410.35
2021-05-13,63.48,62.51,63.86,62.36,329507.62
2021-05-14,62.66,63.8,63.93,60.98,304811.13
2021-05-17,64.36,65.76,66.71,64.24,418092.3
2021-05-18,67.16,65.2,67.36,64.56,268555.15
2021-05-19,64.41,64.69,65.12,63.86,225052.69
2021-05-20,66.36,68.06,68.22,64.93,735330.93
2021-05-21,68.46,68.91,70.46,68.23,502224.28
2021-05-24,69.99,69.56,70.36,68.31,360149.44
2021-05-25,70.33,70.64,71.56,69.7,417467.44
2021-05-26,71.26,71.69,72.35,69.81,360381.91
2021-05-27,72.35,71.26,72.39,70.79,296156.6
2021-05-28,70.64,69.89,70.65,69.36,387415.14
2021-05-31,70.06,68.36,70.06,67.1,523951.01
2021-06-01,68.27,67.53,68.27,66.68,473370.82
2021-06-02,68.33,68.43,68.43,67.43,342846.54
2021-06-03,68.43,66.86,68.77,66.41,416690.46
2021-06-04,66.34,66.66,67.43,65.46,283066.03
2021-06-07,66.68,65.71,66.7,65.08,277274.99
2021-06-08,65.83,64.95,66.23,64.56,320893.44
2021-06-09,65.2,64.52,65.55,64.13,251380.05
2021-06-10,64.63,64.33,64.87,63.83,320755.63
2021-06-11,64.33,62.93,64.53,62.44,465213.67
2021-06-15,62.8,62.17,63.43,60.93,445900.3
2021-06-16,62.83,63.93,64.19,62.13,449701.85
2021-06-17,64.13,62.39,64.26,62.23,299292.38
2021-06-18,62.26,62.73,63.14,61.09,388178.63
2021-06-21,62.75,60.93,62.76,60.1,477386.43
2021-06-22,60.83,60.21,61.81,59.81,410341.69
2021-06-23,60.14,62.1,62.22,59.63,434043.58
2021-06-24,63.43,62.13,63.43,61.64,287028.16
2021-06-25,62.5,62.1,62.71,61.51,412552.01
2021-06-28,62.11,62.14,62.83,61.43,306845.68
2021-06-29,62.71,60.39,62.73,60.17,349799.11
2021-06-30,60.03,60.3,60.83,59.78,284444.13
2021-07-01,60.23,62.17,62.32,59.49,446417.83
2021-07-02,61.56,60.03,61.68,59.59,403184.36
2021-07-05,59.21,57.13,59.3,55.71,780811.02
2021-07-06,56.59,57.54,58.28,55.74,410636.62
2021-07-07,57.88,59.32,60.88,57.54,559597.61
2021-07-08,58.93,58.93,59.72,57.79,359770.37
2021-07-09,58.48,58.13,59.51,57.64,290798.3
2021-07-12,58.57,59.63,60.43,57.85,404955.49
2021-07-13,59.71,61.73,62.26,59.51,474532.41
2021-07-14,61.38,60.93,61.73,60.49,334055.15
2021-07-15,60.93,60.1,61.28,59.54,319702.43
2021-07-16,60.23,58.63,60.23,57.73,456910.25
2021-07-19,58.72,59.07,59.23,57.53,305611.68
2021-07-20,58.59,58.54,59.15,57.94,230947.8
2021-07-21,58.65,56.92,58.85,56.74,515186.57
2021-07-22,56.92,57.23,58.82,55.91,428837.59
2021-07-23,57.23,55.89,57.81,55.44,424513.36
2021-07-26,54.51,53.61,55.0,52.8,570128.81
2021-07-27,53.6,50.33,53.91,50.33,618698.75
2021-07-28,50.33,52.21,52.73,50.04,477829.07
2021-07-29,53.43,52.23,53.43,51.56,392712.65
2021-07-30,52.02,52.44,53.01,50.89,419778.74
2021-08-02,52.43,55.01,55.59,51.51,544452.6
2021-08-03,54.43,59.85,61.19,54.11,899927.68
2021-08-04,59.33,58.92,60.61,58.66,426362.29
2021-08-05,58.38,58.83,60.54,58.02,453382.68
2021-08-06,58.93,59.28,59.98,56.98,344817.66
2021-08-09,58.53,61.4,62.43,58.3,513619.21
2021-08-10,61.03,61.78,61.78,59.76,323715.45
2021-08-11,61.27,60.86,62.48,60.8,285607.14
2021-08-12,60.43,59.85,61.4,59.53,305392.65
2021-08-13,59.85,60.54,60.91,58.73,303013.04
2021-08-16,60.54,63.92,64.38,60.38,663055.82
2021-08-17,63.91,62.33,64.43,62.04,414103.11
2021-08-18,62.32,63.43,63.93,61.63,326173.17
2021-08-19,63.89,60.87,64.21,60.8,328662.21
2021-08-20,59.92,60.93,61.42,58.72,301298.22
2021-08-23,60.63,59.54,61.48,59.06,242164.01
2021-08-24,59.13,59.43,60.08,57.11,387440.22
2021-08-25,59.03,58.08,59.63,57.93,253518.79
2021-08-26,58.07,56.86,58.58,56.44,305609.14
2021-08-27,56.86,56.73,57.91,56.31,245560.8
2021-08-30,56.88,54.91,57.04,54.24,453444.2
2021-08-31,54.83,54.93,56.82,54.19,319641.02
2021-09-01,55.44,58.08,58.78,54.11,541204.72
2021-09-02,58.51,58.12,58.51,56.78,427612.83
2021-09-03,57.9,58.97,59.06,57.13,286807.84
2021-09-06,59.05,61.05,62.17,59.04,396106.16
2021-09-07,61.63,61.95,62.86,60.74,389370.22
2021-09-08,61.93,61.65,62.58,61.14,266823.59
2021-09-09,61.65,60.95,62.28,60.16,223508.46
2021-09-10,60.95,61.33,61.93,60.03,210795.81
2021-09-13,61.25,59.91,61.62,59.66,212937.72
2021-09-14,59.93,57.36,60.33,57.14,307033.35
2021-09-15,56.94,55.45,57.35,54.73,396306.58
2021-09-16,55.45,54.88,56.11,54.73,294662.22
2021-09-17,55.29,57.19,57.21,55.02,260977.37
2021-09-22,55.93,55.01,56.23,54.81,239677.87
2021-09-23,55.69,55.72,56.03,54.93,199430.38
2021-09-24,55.43,56.13,57.13,55.02,273724.09
2021-09-27,56.12,57.63,59.32,55.7,332664.6
2021-09-28,57.0,59.2,59.43,56.24,347514.38
2021-09-29,58.88,59.2,59.83,58.21,295308.2
2021-09-30,59.2,58.53,60.06,58.43,218791.16
2021-10-08,59.13,61.43,61.51,58.68,416133.73
2021-10-11,61.63,60.01,62.03,60.01,234492.47
2021-10-12,60.04,60.55,61.51,59.01,215990.19
2021-10-13,60.93,59.93,61.15,59.18,160558.9
2021-10-14,59.96,59.06,60.55,58.58,162333.58
2021-10-15,59.93,59.93,60.71,59.29,204251.07
2021-10-18,59.93,58.55,59.93,57.93,219018.73
2021-10-19,58.24,58.81,59.39,57.98,181044.97
2021-10-20,58.93,57.0,59.43,56.95,302766.09
2021-10-21,57.21,58.61,58.72,56.97,205973.02
2021-10-22,58.9,63.43,63.93,58.88,819479.36
2021-10-25,62.92,61.33,63.23,60.53,430581.06
2021-10-26,60.68,58.95,60.91,58.95,396448.1
2021-10-27,57.99,55.93,58.38,55.93,678497.0
2021-10-28,55.43,57.05,57.28,54.97,277978.6
2021-10-29,56.36,57.7,58.43,56.23,282021.16
2021-11-01,60.2,61.74,62.85,59.58,748110.69
2021-11-02,61.74,59.74,62.32,59.31,339795.98
2021-11-03,58.96,58.25,60.43,58.25,221362.9
2021-11-04,58.93,59.65,60.17,58.42,236740.66
2021-11-05,59.24,59.68,60.74,58.72,186306.32
2021-11-08,59.56,59.37,59.89,58.73,149609.96
2021-11-09,59.28,57.93,59.28,57.3,227670.37
2021-11-10,57.62,58.51,58.73,56.95,237357.91
2021-11-11,58.12,60.97,61.29,57.83,363320.28
2021-11-12,60.81,61.1,62.81,60.53,266143.92
2021-11-15,60.93,61.41,61.93,60.43,214973.17
2021-11-16,61.93,61.66,62.43,61.32,211401.9
2021-11-17,61.18,61.04,62.13,60.45,143903.3
2021-11-18,60.76,59.15,60.77,58.91,194134.31
2021-11-19,59.15,58.93,59.43,58.24,251029.95
2021-11-22,58.66,58.88,59.21,58.43,229662.39
2021-11-23,58.87,58.4,58.87,57.95,224157.18
2021-11-24,59.08,59.08,59.3,57.95,252709.93
2021-11-25,58.93,58.07,58.93,58.01,181103.45
2021-11-26,57.93,57.74,58.38,57.51,140483.78
2021-11-29,56.92,57.1,57.51,56.65,200021.0
2021-11-30,56.79,56.71,58.08,56.6,195436.71
2021-12-01,56.6,57.09,57.13,56.13,180101.01
2021-12-02,56.31,56.67,56.9,56.04,172928.4
2021-12-03,56.64,56.09,56.64,55.61,217091.79
2021-12-06,56.09,57.5,57.71,56.04,281560.18
2021-12-07,58.03,59.16,59.33,58.03,459961.0
2021-12-08,59.32,58.92,59.38,57.93,244486.18
2021-12-09,60.43,61.15,61.68,59.81,587205.74
2021-12-10,60.59,60.83,61.33,59.63,297742.71
2021-12-13,61.68,61.88,64.2,61.45,543929.76
2021-12-14,61.18,59.98,61.41,59.98,253301.23
2021-12-15,59.92,59.28,60.34,59.11,165669.27
2021-12-16,59.38,59.33,59.81,58.75,153603.53
2021-12-17,59.02,57.63,59.19,57.63,204678.41
2021-12-20,57.81,58.55,59.27,57.74,206579.79
2021-12-21,58.54,60.58,61.06,58.43,317596.6
2021-12-22,60.38,60.46,60.83,58.96,224831.08
2021-12-23,60.02,60.8,61.8,59.93,196541.81
2021-12-24,60.26,61.09,61.18,59.76,163774.82
2021-12-27,61.13,61.98,62.93,60.83,275623.36
2021-12-28,61.98,64.11,64.39,61.98,512720.47
2021-12-29,63.93,62.94,64.48,62.68,215842.58
2021-12-30,62.93,62.89,63.43,62.11,218290.08
2021-12-31,62.83,62.74,63.37,61.71,216733.93
2022-01-04,62.93,64.29,64.43,62.53,310408.01
2022-01-05,64.33,65.2,68.76,63.67,613699.22
2022-01-06,64.74,63.91,67.12,63.73,341889.49
2022-01-07,64.41,66.71,67.41,63.94,437220.85
2022-01-10,67.13,66.73,69.81,65.93,352521.63
2022-01-11,65.95,64.53,67.75,64.43,336945.29
2022-01-12,65.02,63.21,65.25,61.96,384641.29
2022-01-13,63.51,61.25,64.29,61.13,267325.85
2022-01-14,61.03,60.93,61.78,60.33,209969.9
2022-01-17,61.03,61.96,62.37,60.65,203811.36
2022-01-18,61.74,62.23,62.61,60.95,213077.18
2022-01-19,62.63,64.16,65.12,62.39,404010.59
2022-01-20,64.12,67.55,67.73,64.04,506621.97
2022-01-21,67.05,66.34,67.75,65.56,302262.21
2022-01-24,65.73,66.01,67.96,65.43,169130.71
2022-01-25,65.73,64.78,67.73,64.15,251851.51
2022-01-26,65.4,65.44,66.46,64.47,179965.04
2022-01-27,64.68,63.75,65.7,63.44,258965.59
2022-01-28,63.76,62.13,64.93,61.96,269219.24
2022-02-07,63.43,63.63,64.57,62.31,212957.84
2022-02-08,63.33,63.23,63.83,61.93,252227.89
2022-02-09,63.53,65.52,66.0,62.83,308211.3
2022-02-10,65.03,62.58,65.54,62.43,400938.08
2022-02-11,62.08,63.07,63.53,61.41,263156.15
2022-02-14,62.43,61.93,62.46,60.53,198336.4
2022-02-15,61.65,60.96,62.23,60.83,226625.61
2022-02-16,61.11,62.23,62.42,60.73,189392.58
2022-02-17,61.94,61.2,62.73,61.04,177123.19
2022-02-18,60.72,61.93,62.07,60.24,153925.11
2022-02-21,61.73,61.63,61.75,60.93,107090.58
2022-02-22,61.03,59.1,61.08,58.18,363014.46
2022-02-23,58.98,59.41,59.57,58.63,195985.6
2022-02-24,58.45,57.23,58.69,56.39,418996.69
2022-02-25,57.68,57.05,57.88,56.74,224170.97
2022-02-28,56.43,55.65,56.55,54.43,483623.95
2022-03-01,55.54,57.26,57.32,54.61,406334.96
2022-03-02,56.43,55.85,56.43,55.13,247869.34
2022-03-03,56.18,55.6,56.18,54.88,262305.56
2022-03-04,54.88,54.53,55.26,54.02,305204.27
2022-03-07,53.51,51.44,53.51,50.97,476452.42
2022-03-08,50.83,48.69,51.93,48.63,577686.7
2022-03-09,48.21,48.45,48.94,45.54,562758.07
2022-03-10,50.14,47.8,50.32,47.05,473628.69
2022-03-11,47.23,48.31,48.6,46.26,356389.96
2022-03-14,46.95,45.62,48.02,45.62,319186.08
2022-03-15,45.13,43.33,46.16,43.21,499267.66
2022-03-16,45.13,45.92,46.24,43.18,529457.81
2022-03-17,48.37,47.63,48.61,46.54,522664.37
2022-03-18,47.63,47.83,47.94,46.58,368393.05
2022-03-21,47.96,47.38,48.48,46.93,306417.15
2022-03-22,47.03,47.51,47.87,46.95,194039.69
2022-03-23,47.66,46.93,47.79,46.86,243737.29
2022-03-24,46.43,46.51,46.75,46.04,236786.7
2022-03-25,46.52,45.02,46.85,44.98,252163.69
2022-03-28,44.8,44.73,45.09,43.73,215852.82
2022-03-29,45.04,43.58,45.16,43.39,252429.58
2022-03-30,43.92,45.93,45.93,43.88,339002.53
2022-03-31,45.83,45.93,46.13,45.15,251335.97
2022-04-01,45.43,47.53,48.17,44.74,457752.0
2022-04-06,46.98,47.34,48.11,46.83,307532.0
2022-04-07,46.58,46.63,48.05,46.54,269420.0
2022-04-08,46.63,46.26,46.85,45.77,226827.0
2022-04-11,46.38,44.29,46.4,44.2,338124.0
2022-04-12,44.67,46.37,46.43,44.22,297175.0
2022-04-13,45.91,45.5,46.38,45.36,211987.0
2022-04-14,45.95,47.65,48.01,45.95,427417.0
2022-04-15,47.25,47.58,48.23,47.09,212421.0
2022-04-18,47.43,46.5,47.43,46.46,154682.0
2022-04-19,46.58,46.23,47.08,45.99,168495.0
2022-04-20,46.68,46.49,47.82,45.93,216628.0
2022-04-21,46.03,44.96,46.92,44.53,280000.0
2022-04-22,44.53,45.9,46.45,43.61,244698.0
2022-04-25,45.48,44.0,46.42,43.96,325601.0
2022-04-26,44.0,40.72,44.4,40.44,632046.0
2022-04-27,39.66,42.03,42.28,39.43,375710.0
2022-04-28,42.43,42.21,42.63,41.0,252589.0
2022-04-29,42.93,46.02,46.22,42.21,575241.0
2022-05-05,46.98,47.63,48.31,46.78,467907.0
2022-05-06,46.53,47.13,47.43,46.32,212170.0
2022-05-09,46.18,45.29,46.45,44.7,215297.0
2022-05-10,44.16,45.53,45.82,43.93,300571.0
2022-05-11,45.41,45.61,46.43,44.93,359115.0
2022-05-12,45.51,44.67,45.51,44.21,225791.0
2022-05-13,45.45,45.94,46.1,45.13,244320.0
2022-05-16,46.45,45.13,47.68,44.48,286645.0
2022-05-17,44.93,46.32,46.43,44.63,228314.0
2022-05-18,46.43,45.56,46.6,44.85,222697.0
2022-05-19,44.72,44.75,45.12,44.26,201959.0
2022-05-20,44.83,45.83,46.05,44.29,266085.0
2022-05-23,45.28,43.24,45.43,43.02,557831.0
2022-05-24,42.99,42.72,43.62,42.48,263463.0
2022-05-25,42.43,42.33,42.73,41.93,221974.0
2022-05-26,42.33,42.75,43.01,40.73,423828.0
2022-05-27,43.36,42.05,43.72,41.94,352557.0
2022-05-30,42.08,42.33,42.73,41.94,216385.0
2022-05-31,42.42,43.41,43.41,42.03,355099.0
2022-06-01,43.23,43.2,43.7,42.78,292058.0
2022-06-02,43.36,43.16,43.38,42.68,275846.0
2022-06-06,43.18,43.39,43.53,42.18,365209.0
2022-06-07,43.1,43.6,43.73,42.7,291695.0
2022-06-08,43.61,43.59,44.4,43.13,362977.0
2022-06-09,43.45,42.98,43.75,42.79,286836.0
2022-06-10,42.71,42.85,42.94,42.35,300349.0
2022-06-13,42.4,41.66,42.45,41.26,404263.0
2022-06-14,40.9,42.03,42.16,40.72,348424.0
2022-06-15,41.72,45.04,45.6,41.72,915078.0
2022-06-16,45.07,44.43,45.53,44.09,359382.0
2022-06-17,43.63,45.36,46.01,43.12,538134.0
2022-06-20,45.76,47.66,48.15,45.76,765309.0
2022-06-21,47.7,47.89,48.99,47.25,537077.0
2022-06-22,47.87,46.6,47.87,46.6,297211.0
2022-06-23,46.56,46.59,47.07,45.9,304532.0
2022-06-24,46.59,48.4,49.55,46.36,732011.0
2022-06-27,48.9,49.7,50.68,48.9,581584.0
2022-06-28,50.2,49.7,50.2,49.05,322522.0
2022-06-29,50.08,49.87,51.24,49.81,420723.0
2022-06-30,49.96,50.99,51.26,49.6,370539.0
2022-07-01,50.79,49.39,50.79,48.76,337857.0
2022-07-04,48.14,50.57,50.66,48.14,313750.0
2022-07-05,50.35,50.14,52.09,49.5,283847.0
2022-07-06,50.65,49.88,51.63,49.27,307640.0
2022-07-07,49.62,49.3,50.4,49.1,197472.0
2022-07-08,49.72,49.18,49.72,48.5,227250.0
2022-07-11,48.86,49.5,49.8,48.32,273547.0
2022-07-12,49.65,50.7,51.48,49.65,408104.0
2022-07-13,50.68,48.9,50.85,48.63,387901.0
2022-07-14,49.6,46.8,49.79,46.45,545200.0
2022-07-15,46.4,45.8,47.18,45.75,302679.0
2022-07-18,45.8,45.89,46.48,44.6,235494.0
2022-07-19,45.7,45.63,46.26,45.36,197097.0
2022-07-20,46.07,46.03,46.95,45.7,217052.0
2022-07-21,46.1,45.49,46.5,45.4,163847.0
2022-07-22,45.25,45.69,46.07,44.9,186461.0
2022-07-25,45.7,47.05,47.32,45.61,360274.0
2022-07-26,47.1,48.0,48.46,46.97,263042.0
2022-07-27,47.8,46.52,47.85,46.37,244410.0
2022-07-28,46.6,46.35,46.74,46.11,146147.0
2022-07-29,46.55,45.58,46.8,45.38,237474.0
2022-08-01,45.85,45.21,45.9,44.68,186467.0
2022-08-02,44.68,44.2,44.7,43.5,260486.0
2022-08-03,43.81,42.85,44.61,42.68,318780.0
2022-08-04,43.0,43.1,43.37,42.7,135291.0
2022-08-05,43.34,43.57,43.57,42.68,198191.0
2022-08-08,43.15,43.03,43.57,42.93,218082.0
2022-08-09,43.05,43.26,43.66,42.85,160516.0
2022-08-10,43.23,42.43,43.23,42.37,163024.0
2022-08-11,42.9,43.52,43.58,42.48,229539.0
2022-08-12,43.31,43.76,44.06,43.03,169879.0
2022-08-15,43.77,43.4,44.2,43.12,183235.0
2022-08-16,43.42,43.2,43.49,42.9,163357.0
2022-08-17,43.26,44.03,44.48,42.71,238435.0
2022-08-18,43.7,43.22,43.85,43.01,140885.0
2022-08-19,43.28,43.21,43.41,42.85,132153.0
2022-08-22,43.06,43.64,44.15,42.89,238176.0
2022-08-23,43.55,42.72,43.7,42.6,220349.0
2022-08-24,42.7,41.99,42.78,41.91,215842.0
2022-08-25,41.99,42.83,43.01,41.57,209893.0
2022-08-26,43.08,42.83,43.26,42.49,160406.0
2022-08-29,42.2,42.88,43.47,42.11,164561.0
2022-08-30,43.09,42.9,43.81,42.68,202708.0
2022-08-31,42.7,43.84,44.25,42.69,462838.0
2022-09-01,43.83,45.71,46.1,43.83,642105.0
2022-09-02,45.71,44.25,45.71,43.77,367460.0
2022-09-05,43.7,44.4,44.6,43.48,190275.0
2022-09-06,44.41,44.06,44.81,44.0,177962.0
2022-09-07,44.27,43.65,44.29,43.58,209953.0
2022-09-08,43.65,43.97,44.35,43.65,153657.0
2022-09-09,43.97,46.04,46.23,43.86,523881.0
2022-09-13,46.04,47.09,47.5,45.67,346024.0
2022-09-14,46.1,46.53,46.85,46.0,187473.0
2022-09-15,46.49,46.94,47.8,46.29,289698.0
2022-09-16,46.59,45.72,46.7,45.5,259940.0
2022-09-19,45.27,45.58,46.04,44.72,203600.0
2022-09-20,45.45,44.12,45.7,43.9,350660.0
2022-09-21,45.03,43.45,45.06,42.94,267752.0
2022-09-22,43.34,42.1,43.35,41.89,401432.0
2022-09-23,41.71,41.94,42.49,41.6,175176.0
2022-09-26,41.6,41.65,42.6,41.49,205533.0
2022-09-27,41.75,42.28,42.48,40.9,247650.0
2022-09-28,42.1,41.77,42.37,41.7,135577.0
2022-09-29,42.07,41.1,42.36,40.9,253195.0
2022-09-30,40.73,39.91,41.17,39.91,355638.0
2022-10-10,39.91,39.3,40.59,39.06,260145.0
2022-10-11,39.29,38.97,39.45,38.6,220037.0
2022-10-12,38.65,38.87,38.9,37.6,240971.0
2022-10-13,38.59,37.66,38.6,37.61,277454.0
2022-10-14,37.85,38.59,38.85,37.7,313388.0
2022-10-17,38.31,38.27,38.45,37.9,235017.0
2022-10-18,38.58,38.04,38.75,37.93,270086.0
2022-10-19,37.96,35.82,37.96,35.77,556549.0
2022-10-20,35.4,34.98,35.88,34.46,366478.0
2022-10-21,34.99,34.6,35.38,34.37,272432.0
2022-10-24,34.3,32.99,34.92,32.9,459169.0
2022-10-25,33.4,32.62,33.55,32.58,414401.0
2022-10-26,32.8,33.06,33.81,32.76,362814.0
2022-10-27,33.3,33.18,33.6,32.9,226403.0
2022-10-28,32.81,31.36,32.98,31.22,401750.0
2022-10-31,31.33,30.78,31.4,30.7,345535.0
2022-11-01,31.18,32.2,32.2,30.69,480671.0
2022-11-02,32.0,32.68,33.2,31.82,380199.0
2022-11-03,32.4,32.18,32.47,31.8,288535.0
2022-11-04,32.23,33.69,33.95,32.18,457491.0
2022-11-07,33.6,33.66,33.86,33.11,331596.0
2022-11-08,33.72,33.6,33.89,33.18,305582.0
2022-11-09,33.99,33.64,34.45,33.55,229904.0
2022-11-10,33.35,33.57,33.58,33.13,223054.0
2022-11-11,35.13,36.23,36.8,34.31,828835.0
2022-11-14,38.52,38.4,39.71,37.9,1000204.0
2022-11-15,39.1,39.67,40.18,38.3,512288.0
2022-11-16,40.0,39.06,40.0,38.76,259926.0
2022-11-17,38.99,38.56,39.7,38.28,192846.0
2022-11-18,38.96,38.57,39.14,38.28,160676.0
2022-11-21,38.07,36.94,38.07,36.84,345234.0
2022-11-22,37.0,36.9,37.64,36.5,235692.0
2022-11-23,36.83,36.88,37.14,36.62,142552.0
2022-11-24,37.35,36.51,37.8,36.38,213800.0
2022-11-25,36.51,37.29,37.69,36.43,246975.0
2022-11-28,36.28,36.89,37.05,35.83,226551.0
2022-11-29,38.6,39.02,39.38,37.52,389287.0
2022-11-30,38.78,38.47,39.58,38.09,272876.0
2022-12-01,39.41,38.91,39.93,38.87,276045.0
2022-12-02,38.64,38.64,39.2,38.36,170150.0
2022-12-05,39.09,40.3,40.6,39.0,361068.0
2022-12-06,40.29,40.6,41.26,39.62,325270.0
2022-12-07,40.6,41.85,42.28,40.1,436564.0
2022-12-08,41.95,42.35,43.08,41.44,390780.0
2022-12-09,42.56,44.9,44.93,42.41,699406.0
2022-12-12,44.3,45.03,45.57,43.9,466633.0
2022-12-13,44.81,44.55,45.0,44.25,306193.0
2022-12-14,44.05,45.49,45.66,44.05,260850.0
2022-12-15,45.5,44.23,46.4,43.85,278043.0
2022-12-16,43.88,44.6,44.75,43.37,197450.0
2022-12-19,44.6,44.28,44.98,43.88,160764.0
2022-12-20,43.6,42.17,43.69,42.15,272454.0
2022-12-21,41.89,42.28,43.09,41.89,130742.0
2022-12-22,42.54,42.8,43.88,42.37,228123.0
2022-12-23,42.58,42.98,43.75,42.03,163439.0
2022-12-26,43.28,42.1,43.48,41.96,153879.0
2022-12-27,42.39,43.54,43.63,42.01,173391.0
2022-12-28,43.03,42.65,43.35,42.5,163229.0
2022-12-29,42.22,42.33,42.79,41.62,119951.0
2022-12-30,42.4,42.4,43.1,42.3,127733.0
2023-01-03,42.6,42.48,42.83,41.83,163628.0
2023-01-04,42.29,44.35,44.43,42.25,261341.0
2023-01-05,44.6,45.51,45.59,44.55,294217.0
2023-01-06,45.57,44.61,45.76,44.51,195001.0
2023-01-09,44.7,44.71,45.05,44.0,204277.0
2023-01-10,44.59,44.1,45.0,44.03,154340.0
2023-01-11,44.05,45.1,45.78,44.0,214610.0
2023-01-12,44.9,45.37,45.6,44.61,145818.0
2023-01-13,45.47,46.55,46.6,45.1,265803.0
2023-01-16,46.63,48.3,48.96,46.62,330181.0
2023-01-17,48.29,48.6,48.78,47.75,188114.0
2023-01-18,48.6,48.2,49.1,47.97,130358.0
2023-01-19,48.06,47.98,48.15,47.3,194679.0
2023-01-20,48.06,47.68,48.44,47.56,108608.0
2023-01-30,48.04,46.25,48.68,46.19,256196.0
2023-01-31,46.0,45.8,46.75,45.6,232598.0
2023-02-01,45.89,46.1,46.59,45.05,267247.0
2023-02-02,46.05,44.56,46.2,44.22,367678.0
2023-02-03,44.3,43.91,44.55,43.46,208300.0
2023-02-06,43.41,41.85,43.41,41.68,421857.0
2023-02-07,41.96,42.1,42.3,41.7,209009.0
2023-02-08,41.99,41.61,42.1,41.46,191018.0
2023-02-09,41.4,42.13,42.33,41.09,227383.0
2023-02-10,41.95,42.22,42.35,41.89,139889.0
2023-02-13,42.1,43.04,43.18,41.63,306391.0
2023-02-14,43.05,42.81,43.25,42.41,214375.0
2023-02-15,42.8,41.95,42.81,41.78,179488.0
2023-02-16,41.7,41.88,42.35,41.4,216987.0
2023-02-17,41.65,41.98,42.1,41.62,158066.0
2023-02-20,42.1,43.9,44.29,41.71,383136.0
2023-02-21,43.9,44.14,44.4,43.33,256493.0
2023-02-22,43.6,43.38,43.78,43.01,229115.0
2023-02-23,43.39,43.97,44.48,43.39,240107.0
2023-02-24,43.78,43.58,43.99,43.42,169278.0
2023-02-27,43.2,43.0,43.58,42.46,169471.0
2023-02-28,42.62,43.06,43.74,42.62,194045.0
2023-03-01,43.11,45.22,45.59,43.11,432975.0
2023-03-02,45.2,45.45,46.28,44.75,255490.0
2023-03-03,45.85,45.8,46.44,45.26,197415.0
2023-03-06,45.44,44.43,45.6,44.41,259357.0
2023-03-07,44.44,43.46,44.97,43.3,194738.0
2023-03-08,43.25,42.89,43.4,42.67,144948.0
2023-03-09,42.89,43.3,43.85,42.87,130131.0
2023-03-10,42.84,41.75,43.1,41.62,192134.0
2023-03-13,41.61,42.66,42.84,41.6,194837.0
2023-03-14,42.32,41.75,42.51,41.3,165011.0
2023-03-15,42.1,41.06,42.23,41.0,209456.0
2023-03-16,40.68,40.64,40.99,40.25,121820.0
2023-03-17,41.1,40.93,41.78,40.66,201231.0
2023-03-20,40.78,41.04,41.73,40.7,163015.0
2023-03-21,41.15,42.7,42.74,41.15,231466.0
2023-03-22,42.8,42.3,42.87,41.9,135542.0
2023-03-23,42.08,42.42,42.6,41.99,123790.0
2023-03-24,42.42,42.69,42.77,42.24,132776.0
2023-03-27,42.69,42.45,43.06,42.3,127683.0
2023-03-28,42.3,41.69,42.68,41.66,128679.0
2023-03-29,41.98,42.0,42.17,41.7,128030.0
2023-03-30,41.95,45.07,45.4,41.9,571574.0
2023-03-31,44.71,44.41,45.22,43.96,277888.0
2023-04-03,45.6,45.29,46.0,44.8,373915.0
2023-04-04,45.1,45.23,45.32,44.35,179891.0
2023-04-06,45.02,44.62,45.6,44.35,152435.0
2023-04-07,44.51,45.28,45.87,44.51,158641.0
2023-04-10,45.0,45.36,45.66,44.61,156493.0
2023-04-11,45.01,46.44,46.97,45.0,324366.0
2023-04-12,46.44,46.1,47.35,46.0,223025.0
2023-04-13,45.65,44.74,45.89,44.74,182595.0
2023-04-14,44.78,44.54,45.25,44.43,142124.0
2023-04-17,44.51,46.02,46.18,44.49,262280.0
2023-04-18,45.8,47.38,48.0,45.77,387063.0
2023-04-19,47.38,46.68,47.85,46.65,191887.0
2023-04-20,46.78,47.64,48.64,46.78,367949.0
2023-04-21,48.0,47.45,49.2,47.35,398924.0
2023-04-24,46.8,47.63,49.35,46.61,339921.0
2023-04-25,47.6,48.25,48.64,46.25,429621.0
2023-04-26,47.62,47.3,47.95,46.57,239342.0
2023-04-27,46.77,47.86,48.35,46.77,157771.0
2023-04-28,47.85,47.38,47.95,46.81,156906.0
2023-05-04,47.82,47.18,49.05,46.45,268566.0
2023-05-05,47.0,45.93,47.0,44.68,342123.0
2023-05-08,45.93,45.61,46.59,45.07,208722.0
2023-05-09,45.4,45.4,46.16,44.61,181394.0
2023-05-10,45.1,46.0,46.6,44.48,174626.0
2023-05-11,46.15,46.05,47.32,45.94,126225.0
2023-05-12,45.93,46.42,48.09,45.91,165590.0
2023-05-15,46.46,47.19,47.34,45.61,140666.0
2023-05-16,47.19,45.95,47.84,45.71,136126.0
2023-05-17,45.82,45.62,47.0,45.41,90763.0
2023-05-18,45.75,45.6,46.02,45.15,110695.0
2023-05-19,45.26,46.4,47.46,45.26,203843.0
2023-05-22,46.4,47.31,47.55,46.4,151998.0
2023-05-23,47.29,46.55,47.55,46.48,155851.0
2023-05-24,46.42,44.2,46.49,44.1,266742.0
2023-05-25,44.0,44.61,45.09,43.28,171434.0
2023-05-26,44.61,44.86,45.05,44.08,111661.0
2023-05-29,44.87,44.05,45.29,43.68,174334.0
2023-05-30,44.05,42.93,44.26,42.39,320846.0
2023-05-31,43.19,41.93,43.3,41.7,280650.0
2023-06-01,42.07,41.94,42.85,41.58,348935.0
2023-06-02,43.05,44.85,45.15,43.04,499392.0
2023-06-05,45.56,46.99,47.2,44.64,399400.0
2023-06-06,46.99,47.26,48.36,46.1,342618.0
2023-06-07,48.55,48.3,48.82,47.54,369087.0
2023-06-08,48.75,49.94,50.16,48.25,475531.0
2023-06-09,50.55,49.16,50.81,48.82,410652.0
2023-06-12,49.17,50.4,50.87,48.75,396210.0
2023-06-13,50.31,49.66,50.82,49.31,248501.0
2023-06-14,50.28,50.13,51.03,49.67,360007.0
2023-06-15,50.31,51.05,51.63,50.06,312765.0
2023-06-16,51.45,51.4,52.04,50.45,300061.0
2023-06-19,51.05,49.86,51.19,49.75,289110.0
2023-06-20,49.97,50.63,51.97,49.85,243810.0
2023-06-21,51.05,51.33,52.65,50.45,451303.0
2023-06-26,52.88,51.19,53.0,50.85,335581.0
2023-06-27,51.27,52.74,53.2,50.93,481237.0
2023-06-28,52.5,52.75,53.57,52.26,327901.0
2023-06-29,52.77,52.19,52.84,51.27,276783.0
2023-06-30,52.28,51.97,52.87,51.61,264876.0
2023-07-03,51.93,52.11,53.43,51.38,318762.0
2023-07-04,52.33,51.95,52.65,51.17,219446.0
2023-07-05,52.14,52.17,52.38,51.47,187016.0
2023-07-06,52.18,51.42,52.8,51.35,169577.0
2023-07-07,51.09,50.8,51.64,50.25,293796.0
2023-07-10,50.87,49.68,50.98,49.09,320860.0
2023-07-11,49.85,49.71,50.13,49.45,158028.0
2023-07-12,49.95,50.14,51.13,49.45,187815.0
2023-07-13,50.25,50.85,51.37,50.25,169307.0
2023-07-14,50.8,50.51,51.32,50.07,105000.0
2023-07-17,50.25,50.18,50.25,49.35,90425.0
2023-07-18,50.45,49.79,50.45,48.72,239882.0
2023-07-19,49.94,51.18,51.4,49.72,278044.0
2023-07-20,50.95,50.58,51.7,50.49,140516.0
2023-07-21,50.6,50.18,51.13,50.04,120709.0
2023-07-24,50.18,49.82,50.41,49.18,115888.0
2023-07-25,50.91,52.03,52.33,50.85,376481.0
2023-07-26,51.86,51.63,52.59,51.53,187526.0
2023-07-27,51.6,51.53,52.17,51.4,151970.0
2023-07-28,51.75,52.79,52.87,51.16,240041.0
2023-07-31,54.0,52.37,54.35,52.2,325183.0
2023-08-01,52.37,51.3,52.74,51.18,204186.0
2023-08-02,51.15,51.35,51.87,50.82,235436.0
2023-08-03,51.03,51.03,51.25,50.04,233629.0
2023-08-04,51.35,50.97,52.04,50.86,196637.0
2023-08-07,50.84,50.93,51.24,50.39,153707.0
2023-08-08,50.55,50.05,50.6,50.01,136355.0
2023-08-09,50.24,50.61,50.75,50.09,151434.0
2023-08-10,50.26,49.4,50.35,48.55,385305.0
2023-08-11,49.34,48.23,49.5,48.19,255333.0
2023-08-14,47.55,48.49,48.62,47.33,195167.0
2023-08-15,48.36,48.21,48.61,47.65,163704.0
2023-08-16,47.85,48.28,48.41,47.41,153587.0
2023-08-17,47.95,48.89,48.99,47.58,152165.0
2023-08-18,48.83,47.84,48.9,47.68,134638.0
2023-08-21,47.66,47.43,48.41,47.4,131172.0
2023-08-22,47.35,47.42,47.73,46.46,230543.0
2023-08-23,47.17,46.77,47.71,46.65,157983.0
2023-08-24,47.04,48.1,48.5,46.55,255836.0
2023-08-25,48.0,48.31,49.04,47.57,164728.0
2023-08-28,50.35,49.21,51.03,48.83,288004.0
2023-08-29,48.93,49.1,49.54,48.6,217871.0
2023-08-30,49.09,49.87,50.23,48.76,233664.0
2023-08-31,50.35,49.56,50.85,49.53,280838.0
2023-09-01,50.05,50.98,51.55,50.04,266506.0
2023-09-04,51.55,51.27,51.85,50.67,200900.0
2023-09-05,51.31,50.83,51.54,50.66,153090.0
2023-09-06,50.56,50.23,51.05,49.93,208883.0
2023-09-07,50.14,49.62,50.17,49.55,136399.0
2023-09-08,49.79,49.13,49.88,48.86,84002.0
2023-09-11,49.36,49.48,49.93,49.06,140721.0
2023-09-12,49.47,50.26,50.77,49.35,164034.0
2023-09-13,50.15,50.05,50.59,49.75,107434.0
2023-09-14,50.06,49.6,50.31,49.31,102895.0
2023-09-15,49.69,48.84,49.74,48.35,164512.0
2023-09-18,48.85,49.15,49.64,48.26,144278.0
2023-09-19,49.04,49.1,49.2,48.5,123661.0
2023-09-20,49.08,49.94,50.29,48.78,213801.0
2023-09-21,49.93,49.37,49.93,49.07,167691.0
2023-09-22,49.64,50.1,50.16,49.22,221702.0
2023-09-25,49.94,49.68,49.94,49.28,166432.0
2023-09-26,49.81,49.05,50.25,49.05,189349.0
2023-09-27,49.05,49.24,49.71,48.48,188109.0
2023-09-28,49.44,48.53,49.55,48.46,170976.0
2023-10-09,48.51,48.81,49.16,47.95,286595.0
2023-10-10,48.54,47.82,48.82,47.47,214996.0
2023-10-11,47.8,47.82,48.94,47.55,204184.0
2023-10-12,48.05,48.33,48.53,47.66,176042.0
2023-10-13,48.24,48.04,48.49,47.58,129960.0
2023-10-16,47.85,48.13,48.46,47.85,150202.0
2023-10-17,48.13,48.93,49.04,48.1,168302.0
2023-10-18,48.73,48.52,48.94,48.26,106371.0
2023-10-19,48.34,47.28,48.34,47.23,201961.0
2023-10-20,46.99,46.23,47.11,45.93,210898.0
2023-10-23,46.05,46.3,46.68,45.76,168644.0
2023-10-24,46.06,46.23,46.54,45.25,250198.0
2023-10-25,46.84,45.47,47.06,45.19,258565.0
2023-10-26,45.27,45.56,45.77,45.08,151655.0
2023-10-27,45.41,46.79,47.05,45.26,253188.0
2023-10-30,46.38,47.55,47.69,46.38,164885.0
2023-10-31,47.35,45.97,47.35,45.75,238072.0
2023-11-01,45.86,46.06,46.51,45.75,189338.0
2023-11-02,46.05,46.23,47.46,45.86,200855.0
2023-11-03,46.17,45.85,46.4,45.77,177406.0
2023-11-06,46.05,46.19,46.35,45.75,249182.0
2023-11-07,46.15,46.15,46.33,45.63,188982.0
2023-11-08,45.7,45.9,46.04,45.56,213857.0
2023-11-09,45.93,45.5,46.38,45.4,141469.0
2023-11-10,45.35,45.75,45.91,45.3,130271.0
2023-11-13,45.69,44.11,45.69,43.73,382916.0
2023-11-14,44.07,44.14,44.47,43.85,248028.0
2023-11-15,44.49,44.59,44.81,44.0,196363.0
2023-11-16,44.45,44.8,45.24,44.36,216055.0
2023-11-17,44.65,44.91,45.02,44.26,135134.0
2023-11-20,44.59,45.48,45.95,44.59,182191.0
2023-11-21,45.67,45.5,46.24,45.5,158459.0
2023-11-22,45.5,45.2,45.65,44.95,97869.0
2023-11-23,45.2,45.81,45.98,44.9,101034.0
2023-11-24,45.85,45.53,45.9,45.12,157245.0
2023-11-27,45.48,45.02,45.48,44.8,159225.0
2023-11-28,45.25,45.58,45.85,44.58,217876.0
2023-11-29,45.58,45.06,45.63,44.77,124265.0
2023-11-30,44.86,44.72,45.05,44.46,128619.0
2023-12-01,45.35,43.6,45.41,43.38,316050.0
2023-12-04,43.53,43.14,43.84,42.89,220587.0
2023-12-05,43.14,42.27,43.24,42.27,225103.0
2023-12-06,42.11,42.23,42.7,41.8,191141.0
2023-12-07,42.41,43.27,43.54,42.27,250219.0
2023-12-08,43.23,43.39,44.13,43.14,218113.0
2023-12-11,42.9,44.07,44.45,42.27,252015.0
2023-12-12,44.55,44.05,44.6,43.77,172048.0
2023-12-13,43.95,43.74,44.04,43.56,128587.0
2023-12-14,43.96,43.94,44.52,43.63,165634.0
2023-12-15,43.56,43.38,44.15,43.35,204702.0
2023-12-18,43.08,44.14,44.23,42.8,223075.0
2023-12-19,44.13,43.8,44.13,43.51,169545.0
2023-12-20,43.8,44.08,44.45,43.57,254170.0
2023-12-21,44.27,45.07,45.33,43.92,274212.0
2023-12-22,44.96,45.82,46.04,44.75,227281.0
2023-12-25,45.67,45.72,46.3,45.48,113150.0
2023-12-26,45.67,45.85,46.28,45.58,161523.0
2023-12-27,45.83,46.65,46.75,45.77,203069.0
2023-12-28,46.49,47.1,47.21,46.3,247280.0
2023-12-29,47.12,47.68,48.03,46.77,259373.0
2024-01-02,47.68,47.61,48.1,47.25,239057.0
2024-01-03,47.64,47.5,47.85,47.15,206897.0
2024-01-04,47.71,48.3,48.37,47.5,267025.0
2024-01-05,48.25,48.65,49.13,47.9,300429.0
2024-01-08,48.65,48.05,48.65,47.67,278097.0
2024-01-09,47.76,48.22,48.38,47.16,216070.0
2024-01-10,48.22,48.27,48.82,47.89,178208.0
2024-01-11,48.27,48.05,48.54,47.78,212369.0
2024-01-12,47.95,48.05,48.76,47.63,243611.0
2024-01-15,47.89,48.93,49.03,47.71,191241.0
2024-01-16,48.66,49.97,50.0,48.15,337304.0
2024-01-17,49.68,49.42,50.34,49.42,269141.0
2024-01-18,49.84,49.45,50.04,48.13,390231.0
2024-01-19,49.05,49.19,49.65,48.91,299370.0
2024-01-22,48.93,48.39,49.71,48.13,359803.0
2024-01-23,48.57,49.43,49.74,47.85,288485.0
2024-01-24,49.2,50.24,50.49,49.07,264637.0
2024-01-25,50.35,49.4,50.54,49.29,249636.0
2024-01-26,49.4,50.56,50.8,49.4,327457.0
2024-01-29,50.95,51.74,52.53,50.74,374987.0
2024-01-30,51.75,51.27,52.25,51.05,273733.0
2024-01-31,50.96,51.3,51.99,50.47,255442.0
2024-02-01,51.28,51.86,52.51,51.05,303402.0
2024-02-02,51.55,51.3,51.93,50.36,289505.0
2024-02-05,51.05,52.5,52.65,50.87,461603.0
2024-02-06,52.31,53.0,53.84,52.07,379464.0
2024-02-07,52.34,54.16,54.22,52.08,461959.0
2024-02-08,54.34,53.34,55.41,53.03,347232.0
2024-02-19,54.75,53.65,54.75,52.86,356959.0
2024-02-20,53.35,54.75,54.84,52.72,296309.0
2024-02-21,54.05,54.76,55.6,53.73,277972.0
2024-02-22,54.26,54.4,54.84,54.08,192591.0
2024-02-23,54.73,52.67,55.15,52.37,430936.0
2024-02-26,52.9,53.35,54.55,52.9,340977.0
2024-02-27,53.64,54.97,55.04,53.15,280148.0
2024-02-28,55.05,54.87,55.36,54.0,253674.0
2024-02-29,55.05,55.68,56.53,54.8,489210.0
2024-03-01,56.55,57.52,57.56,55.93,328449.0
2024-03-04,58.05,57.65,59.05,56.55,373844.0
2024-03-05,57.7,58.09,58.45,56.5,355253.0
2024-03-06,57.95,57.56,58.58,57.35,219230.0
2024-03-07,57.5,58.85,59.7,57.25,306340.0
2024-03-08,58.92,59.15,59.54,57.93,261254.0
2024-03-11,59.14,58.47,59.15,57.61,280270.0
2024-03-12,58.4,57.18,58.4,56.1,507399.0
2024-03-13,56.71,57.12,57.38,56.05,327232.0
2024-03-14,56.91,57.55,57.8,56.65,315317.0
2024-03-15,57.44,57.07,57.55,56.35,254639.0
2024-03-18,56.93,55.41,56.94,55.4,425011.0
2024-03-19,55.25,55.65,56.17,55.22,297946.0
2024-03-20,55.25,54.93,55.55,54.45,377909.0
2024-03-21,54.96,53.6,55.09,53.18,391892.0
2024-03-22,53.61,55.67,55.7,53.55,431568.0
2024-03-25,55.24,55.95,56.71,54.83,269033.0
2024-03-26,55.36,55.77,56.3,55.36,253537.0
2024-03-27,55.58,56.72,57.93,55.56,348428.0
2024-03-28,57.28,57.63,58.44,56.23,451854.0
2024-03-29,57.63,57.27,58.78,56.71,254689.0
2024-04-01,57.55,59.27,59.33,57.15,327712.0
2024-04-02,59.05,59.3,59.58,58.8,226536.0
2024-04-03,59.25,59.78,59.95,59.03,206265.0
2024-04-08,59.77,58.37,59.9,57.72,324345.0
2024-04-09,58.05,58.09,58.65,57.87,194783.0
2024-04-10,57.92,58.22,59.25,57.61,180820.0
2024-04-11,58.0,58.12,59.0,57.66,190048.0
2024-04-12,58.04,57.94,58.65,57.63,217344.0
2024-04-15,57.94,59.89,60.05,57.76,317837.0
2024-04-16,59.83,61.36,61.82,59.62,391914.0
2024-04-17,61.05,61.63,61.85,60.03,245496.0
2024-04-18,61.63,63.05,64.38,61.43,395421.0
2024-04-19,62.48,63.05,63.63,62.48,288123.0
2024-04-22,63.25,63.03,64.24,62.55,289438.0
2024-04-23,62.88,61.44,63.05,60.64,382179.0
2024-04-24,61.39,60.95,61.69,59.8,307830.0
2024-04-25,60.18,61.29,61.61,60.18,220333.0
2024-04-26,61.3,61.42,61.7,60.47,242257.0
2024-04-29,61.35,61.25,61.93,60.28,332264.0
2024-04-30,59.89,62.83,64.2,59.85,571318.0
2024-05-06,63.55,64.06,64.51,62.7,461799.0
2024-05-07,63.86,64.15,65.38,63.67,304315.0
2024-05-08,63.55,63.8,64.39,63.44,176620.0
2024-05-09,64.05,64.9,65.39,63.67,285718.0
2024-05-10,65.25,64.93,65.38,64.39,224879.0
2024-05-13,64.93,65.76,66.04,63.75,271674.0
2024-05-14,65.73,63.89,65.94,63.25,399236.0
2024-05-15,64.53,65.79,66.13,64.14,301895.0
2024-05-16,65.79,65.37,65.83,64.83,246004.0
2024-05-17,64.81,64.06,65.53,62.55,418483.0
2024-05-20,63.04,62.6,63.91,62.24,426430.0
2024-05-21,62.3,62.58,63.33,62.23,243588.0
2024-05-22,62.37,61.44,62.57,61.34,261052.0
2024-05-23,61.43,61.77,62.22,61.03,240961.0
2024-05-24,61.43,62.65,63.01,61.13,259270.0
2024-05-27,62.53,63.62,64.31,61.57,305462.0
2024-05-28,63.63,63.06,63.81,62.53,191737.0
2024-05-29,62.63,61.88,63.23,61.53,241321.0
2024-05-30,61.74,61.21,62.22,61.17,193586.0
2024-05-31,61.22,60.79,61.6,60.58,261294.0
2024-06-03,60.91,61.05,62.33,60.3,357556.0
2024-06-04,61.02,60.71,61.02,59.43,306212.0
2024-06-05,60.58,59.95,61.23,59.83,283319.0
2024-06-06,59.83,61.79,62.06,59.83,436037.0
2024-06-07,61.23,61.19,61.48,59.74,400646.0
2024-06-11,60.53,61.03,62.53,60.21,336897.0
2024-06-12,60.87,61.19,61.77,60.56,257072.0
2024-06-13,61.34,59.95,61.48,59.69,274850.0
2024-06-14,59.54,61.64,61.79,59.53,379244.0
2024-06-17,61.79,60.56,61.79,60.21,253358.0
2024-06-18,60.33,60.87,61.22,59.7,218675.0
2024-06-19,60.8,60.03,61.11,58.83,347000.0
2024-06-20,59.93,60.5,60.78,59.57,280858.0
2024-06-21,60.52,59.98,60.78,59.53,241537.0
2024-06-24,59.74,60.91,61.58,59.64,307991.0
2024-06-25,60.88,61.32,61.82,60.55,253092.0
2024-06-26,61.04,60.28,61.42,59.94,238314.0
2024-06-27,60.08,60.13,60.51,59.5,274095.0
2024-06-28,59.53,60.53,60.82,59.51,251956.0
2024-07-01,60.32,60.12,61.41,59.63,195283.0
2024-07-02,59.73,59.03,60.23,58.83,291813.0
2024-07-03,59.08,59.06,59.71,58.77,181208.0
2024-07-04,59.23,60.63,61.23,59.23,277531.0
2024-07-05,60.53,60.03,61.18,59.03,264796.0
2024-07-08,59.63,60.26,60.75,59.2,194436.0
2024-07-09,59.84,60.13,60.7,59.65,216645.0
2024-07-10,60.57,59.84,61.09,59.84,158469.0
2024-07-11,59.88,59.93,60.48,58.55,271827.0
2024-07-12,59.82,61.03,61.23,59.67,245741.0
2024-07-15,60.81,60.97,61.19,60.39,170459.0
2024-07-16,60.66,60.3,60.99,59.78,204068.0
2024-07-17,60.07,58.86,60.41,57.69,464628.0
2024-07-18,58.04,59.93,60.49,58.04,345325.0
2024-07-19,59.39,59.63,59.81,58.92,217970.0
2024-07-22,59.48,59.66,60.67,59.35,199303.0
2024-07-23,59.66,58.41,59.82,58.41,185378.0
2024-07-24,58.04,56.11,58.75,55.67,455473.0
2024-07-25,55.55,55.43,56.12,54.93,301092.0
2024-07-26,58.86,58.87,59.02,57.43,577402.0
2024-07-29,58.33,58.91,59.24,58.19,207128.0
2024-07-30,58.54,57.09,58.8,56.63,225758.0
2024-07-31,56.76,59.79,59.89,56.76,401747.0
2024-08-01,59.83,59.61,60.7,59.44,244068.0
2024-08-02,59.33,59.02,60.31,58.6,202615.0
2024-08-05,58.57,57.68,60.33,57.59,354768.0
2024-08-06,57.64,55.95,58.29,55.55,384932.0
2024-08-07,55.95,56.73,57.41,55.27,252986.0
2024-08-08,56.45,56.99,57.51,56.24,142319.0
2024-08-09,56.88,56.53,57.73,56.36,138024.0
2024-08-12,56.53,57.41,58.17,56.34,169492.0
2024-08-13,57.41,57.39,58.14,56.95,98351.0
2024-08-14,57.39,56.93,57.52,56.63,112278.0
2024-08-15,56.73,57.03,57.38,56.32,191633.0
2024-08-16,56.84,57.77,57.93,56.7,180670.0
2024-08-19,57.72,58.39,59.18,57.7,172753.0
2024-08-20,59.51,59.05,59.52,57.79,257810.0
2024-08-21,58.74,59.19,59.73,58.36,211871.0
2024-08-22,59.16,60.12,60.52,58.75,249787.0
2024-08-23,60.03,61.49,61.99,59.91,290471.0
2024-08-26,61.97,62.35,62.68,60.93,339582.0
2024-08-27,62.03,62.02,62.51,61.52,241138.0
2024-08-28,62.01,60.96,62.18,60.6,265430.0
2024-08-29,60.45,59.98,61.34,59.98,232856.0
2024-08-30,59.51,60.78,61.84,59.41,333863.0
2024-09-02,60.53,61.26,62.55,60.47,260759.0
2024-09-03,61.04,62.0,62.51,61.03,242379.0
2024-09-04,61.89,61.51,62.73,61.39,274996.0
2024-09-05,60.98,59.62,61.43,59.51,432123.0
2024-09-06,59.63,59.05,60.58,58.93,233202.0
2024-09-09,57.38,57.12,58.23,56.71,548406.0
2024-09-10,56.51,56.78,57.67,56.51,401110.0
2024-09-11,56.55,57.69,58.11,55.73,419218.0
2024-09-12,57.83,58.4,58.88,57.69,276169.0
2024-09-13,58.08,59.54,59.81,57.62,321490.0
2024-09-18,59.65,61.28,61.74,59.43,295026.0
2024-09-19,58.33,61.31,61.76,58.33,476115.0
2024-09-20,60.94,62.09,62.33,60.79,398013.0
2024-09-23,62.49,63.63,63.92,62.23,391621.0
2024-09-24,63.63,64.07,64.28,62.23,500902.0
2024-09-25,64.24,66.14,67.53,64.24,627661.0
2024-09-26,66.03,69.59,69.71,65.82,501342.0
2024-09-27,70.78,69.03,72.43,67.18,857448.0
2024-09-30,69.19,72.09,72.93,68.06,1251665.0
2024-10-08,79.7,76.22,79.7,74.76,1352393.0
2024-10-09,74.43,71.04,75.35,70.05,895501.0
2024-10-10,71.98,74.33,75.41,71.9,673034.0
2024-10-11,74.03,72.8,74.26,71.93,380602.0
2024-10-14,73.06,75.03,75.32,72.63,462828.0
2024-10-15,75.03,72.03,75.03,72.03,375833.0
2024-10-16,70.73,71.27,71.53,69.76,342829.0
2024-10-17,71.27,69.11,71.56,68.93,394376.0
2024-10-18,69.11,71.04,72.23,68.68,427851.0
2024-10-21,71.38,70.11,72.01,69.31,343229.0
2024-10-22,70.38,72.53,72.99,70.17,404060.0
2024-10-23,72.63,72.41,73.81,72.03,268313.0
2024-10-24,72.14,71.67,72.49,71.33,171087.0
2024-10-25,71.45,71.3,71.89,70.8,210573.0
2024-10-28,71.52,70.9,71.61,70.04,280591.0
2024-10-29,70.64,70.1,71.53,69.83,297272.0
2024-10-30,69.73,68.78,70.38,68.15,404137.0
2024-10-31,69.0,67.45,69.72,67.13,500469.0
2024-11-01,67.47,68.28,69.03,66.41,416515.0
2024-11-04,68.17,68.87,69.4,67.73,232316.0
2024-11-05,68.53,69.16,69.51,67.24,416967.0
2024-11-06,69.17,67.2,69.17,67.0,525931.0
2024-11-07,66.38,68.13,68.13,65.92,547746.0
2024-11-08,68.69,68.61,69.79,67.13,593374.0
2024-11-11,67.26,67.63,67.87,66.85,442079.0
2024-11-12,67.94,68.42,70.92,67.82,575477.0
2024-11-13,68.51,69.43,70.33,68.49,458417.0
2024-11-14,69.51,69.67,70.92,68.36,408435.0
2024-11-15,69.18,68.28,70.14,67.88,342825.0
2024-11-18,68.2,67.08,69.01,66.86,319386.0
2024-11-19,67.08,67.34,67.78,66.73,226652.0
2024-11-20,67.41,67.46,67.68,66.77,226371.0
2024-11-21,67.4,66.87,67.42,66.58,216528.0
2024-11-22,66.86,66.42,68.85,66.25,388458.0
2024-11-25,66.14,66.42,68.41,66.14,385868.0
2024-11-26,66.14,66.63,67.23,65.38,274188.0
2024-11-27,66.35,67.35,67.53,65.77,264825.0
2024-11-28,68.03,66.22,68.03,65.79,323290.0
2024-11-29,65.71,66.16,66.8,65.58,277501.0
2024-12-02,66.18,66.11,66.56,65.26,357906.0
2024-12-03,66.03,65.88,66.03,65.43,313174.0
2024-12-04,65.91,67.52,68.02,65.63,531955.0
2024-12-05,67.63,67.75,68.91,67.45,367645.0
2024-12-06,67.81,68.88,69.16,67.54,456778.0
2024-12-09,68.04,69.16,69.91,67.34,413219.0
2024-12-10,72.54,69.87,72.69,69.82,555133.0
2024-12-11,69.73,71.13,71.36,69.63,335434.0
2024-12-12,71.23,71.59,71.78,70.4,286398.0
2024-12-13,71.23,70.03,71.26,69.36,370633.0
2024-12-16,70.13,69.25,70.48,68.68,280471.0
2024-12-17,69.23,69.7,70.71,68.84,278873.0
2024-12-18,69.69,70.13,70.61,69.61,225785.0
2024-12-19,69.89,70.47,71.26,69.27,253553.0
2024-12-20,70.46,70.03,70.82,69.69,209397.0
2024-12-23,70.03,70.64,71.28,69.98,226029.0
2024-12-24,70.43,72.28,72.41,70.43,344141.0
2024-12-25,72.33,71.57,72.63,71.07,227339.0
2024-12-26,71.29,72.01,72.27,70.68,242143.0
2024-12-27,72.01,71.45,72.08,70.83,198421.0
2024-12-30,71.03,71.35,72.21,70.95,221827.0
2024-12-31,71.13,71.25,72.08,70.72,307660.0
2025-01-02,71.43,71.35,73.23,71.03,413671.0
2025-01-03,71.03,70.72,72.09,69.93,296422.0
2025-01-06,70.71,71.41,72.31,70.31,306810.0
2025-01-07,71.03,71.96,72.79,70.53,251785.0
2025-01-08,71.54,73.61,73.69,71.46,406930.0
2025-01-09,73.73,74.76,75.03,73.23,345987.0
2025-01-10,74.76,72.4,74.92,72.4,271096.0
2025-01-13,71.64,70.33,72.05,69.96,255846.0
2025-01-14,70.33,70.65,71.38,69.46,288584.0
2025-01-15,70.67,69.85,71.8,69.63,256635.0
2025-01-16,70.02,70.12,71.48,69.93,262330.0
2025-01-17,70.11,70.38,70.9,69.66,159288.0
2025-01-20,71.13,70.92,72.77,70.91,296993.0
2025-01-21,71.29,70.43,71.32,70.25,162863.0
2025-01-22,70.41,69.03,70.41,68.31,322180.0
2025-01-23,69.43,69.44,69.95,68.43,270087.0
2025-01-24,69.04,68.85,69.67,68.58,304861.0
2025-01-27,68.89,69.91,70.33,68.65,280115.0
2025-02-05,69.43,68.24,69.72,67.71,363511.0
2025-02-06,68.21,68.3,68.59,67.46,285675.0
2025-02-07,68.43,69.47,69.47,67.7,355350.0
2025-02-10,69.35,69.04,69.36,68.53,318650.0
2025-02-11,69.47,69.73,69.89,68.64,300440.0
2025-02-12,69.49,69.31,69.62,68.71,228073.0
2025-02-13,69.03,68.17,69.42,68.16,410664.0
2025-02-14,68.15,68.52,68.72,67.93,234351.0
2025-02-17,68.28,68.07,68.5,67.28,402358.0
2025-02-18,68.02,67.93,68.68,67.56,293465.0
2025-02-19,67.33,67.48,68.0,67.03,337150.0
2025-02-20,67.44,67.26,67.74,67.09,314202.0
2025-02-21,67.05,66.62,67.26,66.23,553390.0
2025-02-24,66.68,66.92,67.53,66.31,469377.0
2025-02-25,66.53,65.06,66.7,65.01,565999.0
2025-02-26,64.74,66.15,66.19,64.73,404124.0
2025-02-27,67.03,68.51,68.74,66.66,652482.0
2025-02-28,68.78,69.08,69.53,68.13,506479.0
2025-03-03,68.73,67.03,69.02,66.88,405918.0
2025-03-04,67.31,68.0,68.5,67.31,300420.0
2025-03-05,67.93,67.78,68.18,67.23,286186.0
2025-03-06,67.94,67.17,68.0,66.45,402399.0
2025-03-07,67.15,66.82,67.27,66.29,314827.0
2025-03-10,66.84,67.1,67.29,66.54,273440.0
2025-03-11,66.53,66.96,67.47,66.33,252825.0
2025-03-12,67.01,66.13,67.01,66.13,301301.0
2025-03-13,66.04,66.04,66.68,65.84,252622.0
2025-03-14,66.06,67.9,68.13,65.85,425450.0
2025-03-17,68.55,67.91,68.55,67.63,347333.0
2025-03-18,68.03,71.01,72.13,67.64,779314.0
2025-03-19,73.26,72.54,73.97,71.06,1066261.0
2025-03-20,72.43,71.2,72.88,71.13,585693.0
2025-03-21,70.8,71.31,72.46,70.8,384528.0
2025-03-24,70.91,72.09,72.53,70.85,387348.0
2025-03-25,72.84,72.89,73.53,72.4,324186.0
2025-03-26,72.5,72.82,73.43,71.9,237069.0
2025-03-27,72.82,72.53,73.53,72.35,257215.0
2025-03-28,72.24,72.9,73.21,71.71,249114.0
2025-03-31,72.93,74.53,76.53,72.93,689684.0
2025-04-01,74.13,71.42,74.81,71.23,551817.0
2025-04-02,71.38,71.99,72.82,71.22,268536.0
2025-04-03,70.63,69.39,70.86,69.18,565989.0
2025-04-07,64.25,63.21,65.5,62.05,880897.0
2025-04-08,64.03,66.26,66.53,63.82,744733.0
2025-04-09,65.22,65.7,66.53,64.45,578840.0
2025-04-10,66.63,67.12,67.62,66.16,450849.0
2025-04-11,66.55,66.52,66.77,65.66,295626.0
2025-04-14,66.75,65.95,66.93,65.74,348835.0
2025-04-15,66.13,67.51,67.86,65.72,343667.0
2025-04-16,67.22,67.03,67.51,66.4,266729.0
2025-04-17,66.77,66.98,67.2,66.37,195913.0
2025-04-18,66.98,66.95,67.36,66.5,154484.0
2025-04-21,66.81,67.42,67.64,66.53,177514.0
2025-04-22,67.33,67.75,68.26,67.24,226155.0
2025-04-23,68.13,67.88,68.45,67.83,225869.0
2025-04-24,68.43,68.98,69.22,67.99,231808.0
2025-04-25,68.98,68.78,69.03,68.41,170972.0
2025-04-28,69.42,69.26,69.61,68.83,239660.0
2025-04-29,69.29,70.23,70.4,68.89,234974.0
2025-04-30,71.03,69.65,71.15,69.48,478100.0
2025-05-06,70.26,70.08,70.41,69.13,346412.0
2025-05-07,70.8,70.39,71.21,70.03,300281.0
2025-05-08,70.38,71.03,71.67,69.91,277076.0
2025-05-09,71.02,71.83,72.06,70.74,245639.0
2025-05-12,72.13,72.61,72.77,71.93,272239.0
2025-05-13,73.03,73.14,73.23,72.47,255278.0
2025-05-14,72.93,73.12,73.58,72.16,292496.0
2025-05-15,72.69,72.53,73.1,72.35,204902.0
2025-05-16,72.24,72.63,72.87,71.6,238660.0
2025-05-19,72.47,73.61,73.75,72.32,263086.0
2025-05-20,73.56,74.7,75.13,73.51,277995.0
2025-05-21,74.53,74.83,75.47,74.5,205438.0
2025-05-22,74.76,75.39,75.59,74.34,234034.0
2025-05-23,75.39,74.92,76.51,74.75,299746.0
2025-05-26,74.75,74.3,75.22,73.64,241689.0
2025-05-27,74.23,74.51,74.92,74.05,206449.0
2025-05-28,75.01,75.35,76.13,74.73,240449.0
2025-05-29,75.1,75.01,75.52,74.39,251677.0
2025-05-30,74.77,75.09,75.54,74.33,215733.0
2025-06-03,75.08,71.94,75.08,71.7,561908.0
2025-06-04,71.81,71.59,72.61,71.53,367554.0
2025-06-05,71.47,71.28,71.93,71.08,235803.0
2025-06-06,71.4,71.73,71.86,71.13,275559.0
2025-06-09,71.28,71.43,71.61,70.1,466956.0
2025-06-10,71.66,71.08,72.53,71.08,321074.0
2025-06-11,71.23,71.52,71.83,70.86,263083.0
2025-06-12,72.02,71.71,72.19,71.04,347029.0
2025-06-13,71.11,70.99,71.67,70.51,300452.0
2025-06-16,71.11,70.77,71.31,70.36,250205.0
2025-06-17,71.31,71.57,72.59,71.31,326395.0
2025-06-18,71.7,71.61,72.15,71.53,175288.0
2025-06-19,71.71,70.84,71.92,70.64,211253.0
2025-06-20,70.86,71.89,71.89,70.77,229864.0
2025-06-23,71.51,71.23,71.84,70.97,210545.0
2025-06-24,71.61,72.31,72.85,71.51,270501.0
2025-06-25,72.31,72.69,72.84,71.81,243275.0
2025-06-26,72.51,72.61,73.1,72.26,226726.0
2025-06-27,72.57,71.79,72.7,71.73,223640.0
2025-06-30,71.76,71.71,72.09,71.49,193023.0
2025-07-01,71.79,71.62,71.86,71.31,186252.0
2025-07-02,71.62,72.01,72.61,71.32,266155.0
2025-07-03,72.3,72.4,72.46,71.85,179369.0
2025-07-04,72.39,72.99,73.35,72.11,211462.0
2025-07-07,72.71,72.06,72.96,71.84,215453.0
2025-07-08,72.06,71.73,72.21,71.58,256867.0
2025-07-09,71.58,71.31,71.86,71.31,272053.0
2025-07-10,71.35,71.19,71.48,70.84,231514.0
2025-07-11,71.25,71.99,72.31,71.2,320554.0
2025-07-14,71.98,72.61,72.72,71.49,233739.0
2025-07-15,72.62,72.72,73.01,72.32,249010.0
2025-07-16,72.98,72.4,73.6,72.31,206888.0
2025-07-17,72.26,72.14,72.94,72.11,247300.0
2025-07-18,72.38,72.34,72.79,72.03,219512.0
2025-07-21,72.12,72.06,72.47,71.91,308971.0
2025-07-22,72.09,72.7,72.73,71.77,357204.0
2025-07-23,72.71,73.01,73.36,72.69,369872.0
2025-07-24,73.21,73.02,73.46,72.6,290699.0
2025-07-25,72.91,72.27,72.91,72.06,244562.0
2025-07-28,72.33,71.45,72.43,71.31,377736.0
2025-07-29,71.45,70.75,71.58,70.53,398369.0
2025-07-30,71.0,71.62,72.25,70.71,411325.0
2025-07-31,71.51,69.7,71.53,69.39,694777.0
2025-08-01,69.71,70.3,70.48,69.61,286447.0
2025-08-04,70.06,70.45,70.51,69.71,197766.0
2025-08-05,70.62,70.89,71.02,70.19,191748.0
2025-08-06,70.89,71.21,71.29,70.5,221358.0
2025-08-07,71.02,70.99,71.44,70.72,203616.0
2025-08-08,70.91,71.09,71.34,70.8,201184.0
2025-08-11,70.81,71.27,71.33,70.7,179124.0
2025-08-12,71.26,71.44,71.95,71.11,240476.0
2025-08-13,71.49,71.33,71.8,71.11,253847.0
2025-08-14,71.31,71.84,72.56,71.23,455149.0
2025-08-15,71.84,71.81,71.91,71.32,274700.0
2025-08-18,71.82,71.35,72.07,71.12,542998.0
2025-08-19,72.71,72.19,73.14,71.71,537603.0
2025-08-20,71.72,71.73,71.83,71.02,403770.0
2025-08-21,71.6,71.43,72.01,71.17,338014.0
2025-08-22,71.48,71.6,71.7,71.16,391389.0
2025-08-25,71.63,73.03,73.36,71.63,700234.0
2025-08-26,73.03,73.31,73.79,72.82,462938.0
2025-08-27,73.4,72.22,74.06,72.2,488419.0
2025-08-28,72.22,73.01,73.48,72.02,432987.0
2025-08-29,73.01,73.22,74.35,72.9,567669.0
2025-09-01,74.51,73.54,75.35,73.03,776259.0
2025-09-02,73.72,75.67,75.91,73.5,805909.0
2025-09-03,76.06,75.13,76.65,74.46,504881.0
2025-09-04,75.49,75.1,75.51,73.93,443539.0
2025-09-05,75.32,75.73,76.2,74.95,464252.0
2025-09-08,76.18,76.54,77.59,76.01,550294.0
2025-09-09,76.53,76.69,77.11,75.86,383150.0
2025-09-10,76.51,76.53,76.78,75.91,271542.0
2025-09-11,76.41,76.53,76.78,75.41,459605.0
2025-09-12,76.46,75.08,77.2,74.92,591171.0
2025-09-15,74.71,74.68,75.46,74.01,480680.0
2025-09-16,74.64,73.97,74.71,73.56,456028.0
2025-09-17,73.92,73.86,74.94,73.68,577227.0
2025-09-18,74.11,73.25,74.86,72.7,600840.0
2025-09-19,72.92,73.86,74.1,72.72,388478.0
2025-09-22,74.32,72.77,74.41,72.41,479740.0
2025-09-23,72.76,73.04,73.16,72.23,421477.0
2025-09-24,73.02,73.61,73.86,72.46,306285.0
2025-09-25,72.81,72.35,73.26,72.06,478607.0
2025-09-26,72.55,73.71,74.21,72.4,476983.0
2025-09-29,73.94,73.24,74.06,72.56,465939.0
2025-09-30,73.21,72.17,73.22,72.06,506108.0
2025-10-09,71.86,72.14,72.48,70.89,615939.0
2025-10-10,71.96,72.34,73.24,71.61,433305.0
2025-10-13,70.89,71.32,71.62,70.53,481605.0
2025-10-14,71.51,72.11,72.66,71.2,519095.0
2025-10-15,72.31,72.43,73.0,72.11,376333.0
2025-10-16,72.71,72.69,73.2,72.03,346780.0
2025-10-17,72.21,72.31,73.1,72.15,276491.0
2025-10-20,72.6,72.38,72.91,71.9,297557.0
2025-10-21,72.41,72.42,72.77,72.09,283947.0
2025-10-22,72.31,73.39,73.5,72.12,393298.0
2025-10-23,73.31,74.4,74.46,73.19,347633.0
2025-10-24,74.4,74.12,74.51,73.97,244838.0
2025-10-27,74.25,74.39,74.86,73.88,340553.0
2025-10-28,74.12,73.92,74.43,73.64,233658.0
2025-10-29,73.76,73.91,73.93,73.01,273587.0
2025-10-30,74.01,74.81,75.61,74.01,499653.0
2025-10-31,74.71,75.91,76.34,74.61,509742.0
2025-11-03,75.9,74.9,76.46,74.69,281970.0
2025-11-04,74.63,74.67,75.3,74.41,302606.0
2025-11-05,74.51,75.45,75.9,73.81,266151.0
2025-11-06,75.45,76.54,76.94,75.45,355111.0
2025-11-07,76.78,75.71,76.78,75.62,264420.0
2025-11-10,75.77,76.84,77.06,75.46,391008.0
2025-11-11,76.84,76.74,76.9,76.19,227708.0
2025-11-12,76.74,79.0,80.06,76.74,737847.0
2025-11-13,78.71,79.11,79.51,78.2,333370.0
2025-11-14,79.01,78.74,79.93,78.56,273127.0
2025-11-17,78.74,77.93,78.9,77.42,261095.0
2025-11-18,78.29,77.4,78.66,77.0,235904.0
2025-11-19,77.38,77.4,78.09,77.02,214415.0
2025-11-20,77.5,77.94,78.88,77.03,261929.0
2025-11-21,77.1,78.75,79.29,77.1,439495.0
2025-11-24,78.6,78.56,79.48,78.25,367739.0
2025-11-25,78.99,78.7,79.0,77.61,291012.0
2025-11-26,78.69,79.8,80.0,78.41,320728.0
2025-11-27,79.6,79.8,80.73,78.95,316461.0
2025-11-28,79.8,79.86,80.07,79.33,181267.0
2025-12-01,79.8,80.0,80.2,79.17,303520.0
2025-12-02,80.1,81.56,81.66,80.01,378049.0
2025-12-03,81.55,82.17,82.88,81.26,368660.0
2025-12-04,82.13,81.89,83.17,81.77,289180.0
2025-12-05,81.89,82.23,82.59,81.7,246165.0
2025-12-08,83.0,81.81,83.1,81.04,273365.0
2025-12-09,81.5,80.2,81.56,79.94,356479.0
2025-12-10,79.98,80.07,80.62,79.7,245720.0
2025-12-11,80.12,79.3,80.56,79.18,272945.0
2025-12-12,79.35,79.32,79.98,79.2,328959.0
2025-12-15,79.69,80.41,81.1,79.45,365547.0
2025-12-16,80.25,79.96,80.85,79.84,214231.0
2025-12-17,79.71,80.47,80.92,79.38,230282.0
2025-12-18,80.27,79.83,80.61,79.51,214098.0
2025-12-19,79.85,79.45,79.9,78.8,278018.0
2025-12-22,79.3,79.16,79.79,78.9,245037.0
2025-12-23,79.38,79.65,80.31,79.02,254680.0
2025-12-24,79.43,78.8,79.94,78.76,217047.0
2025-12-25,78.52,78.59,78.88,78.18,226758.0
2025-12-26,78.59,78.87,79.07,78.55,214107.0
2025-12-29,78.79,78.41,79.72,78.25,256974.0
2025-12-30,78.16,78.85,79.38,78.12,213622.0
2025-12-31,78.87,78.15,80.28,77.85,287758.0
2026-01-05,80.04,78.68,80.5,78.25,442947.0
2026-01-06,78.58,78.84,79.49,77.39,454525.0
2026-01-07,78.99,79.37,79.58,78.06,401968.0
2026-01-08,79.37,79.03,79.48,78.31,312537.0
2026-01-09,79.6,79.77,79.95,79.3,341081.0
2026-01-12,79.78,78.62,79.79,77.81,525014.0
2026-01-13,77.9,76.2,78.0,76.1,945712.0
2026-01-14,76.2,77.15,77.63,75.91,539684.0
2026-01-15,77.46,77.22,78.05,76.89,360314.0
2026-01-16,77.25,77.31,77.85,77.15,371869.0
2026-01-19,77.37,77.62,78.14,77.05,336374.0
2026-01-20,77.66,79.0,79.37,77.2,455358.0
2026-01-21,78.96,77.78,78.96,77.55,368086.0
2026-01-22,78.25,77.49,78.26,77.37,344041.0
2026-01-23,77.57,76.78,77.79,76.71,373707.0
2026-01-26,76.8,76.35,77.87,76.02,473132.0
2026-01-27,76.4,76.1,77.1,75.92,325807.0
2026-01-28,76.09,75.34,76.36,75.0,628937.0
2026-01-29,75.7,77.88,78.08,75.47,622441.0
2026-01-30,77.6,77.59,79.0,77.4,532508.0
2026-02-02,77.6,77.85,78.48,77.0,345916.0
2026-02-03,77.8,77.91,78.89,77.43,345037.0
2026-02-04,78.1,79.81,79.88,78.01,389103.0
2026-02-05,79.83,80.45,81.16,79.63,429198.0
2026-02-06,80.43,79.54,80.8,79.4,312566.0
2026-02-09,79.18,79.16,79.34,78.41,334670.0
2026-02-10,79.21,80.19,80.28,78.88,306184.0
2026-02-11,80.0,79.69,80.21,79.6,198066.0
2026-02-12,79.46,79.8,80.06,79.3,188784.0
2026-02-13,79.51,79.05,80.0,78.91,255102.0
2026-02-24,80.2,79.52,80.6,79.52,252514.0
2026-02-25,80.28,79.7,80.77,79.29,285524.0
2026-02-26,80.15,79.25,80.2,78.75,253271.0
2026-02-27,79.03,78.64,79.5,78.5,201604.0
2026-03-02,78.0,77.45,78.06,76.7,274786.0
2026-03-03,77.46,76.56,77.64,76.5,288000.0
2026-03-04,76.0,76.16,76.52,75.37,284934.0
2026-03-05,76.6,76.27,76.99,76.12,196872.0
2026-03-06,76.22,76.52,76.72,75.76,206629.0
2026-03-09,75.73,75.41,76.1,75.02,259478.0
2026-03-10,75.75,76.6,76.84,75.75,209086.0
2026-03-11,76.6,77.39,77.72,76.1,251358.0
2026-03-12,77.3,77.4,77.75,76.93,193305.0
2026-03-13,76.95,76.86,77.46,76.65,187293.0
2026-03-16,76.52,76.64,76.88,75.68,205600.0
2026-03-17,76.98,76.6,77.6,76.6,214075.0
2026-03-18,76.74,77.06,77.3,76.3,200716.0
2026-03-19,76.43,76.0,76.98,75.93,232729.0
2026-03-20,75.92,75.12,76.15,75.12,219126.0
2026-03-23,73.95,73.37,73.97,72.35,462008.0
2026-03-24,73.73,74.23,74.42,72.8,267147.0
2026-03-25,74.5,74.8,74.97,73.95,184964.0
2026-03-26,74.89,74.32,75.54,74.18,177085.0
2026-03-27,72.9,74.78,74.95,72.8,319125.0
2026-03-30,73.35,72.1,74.0,71.77,456227.0
2026-03-31,75.05,76.35,77.32,74.31,694915.0
